ofat_factor,ofat_value,agent,size,map_type,enemy_profile,item_profile,wall_profile,player_hp,enemy_hp,episodes,wins,win_rate,win_rate_ci_low,win_rate_ci_high,avg_turns,std_turns,avg_damage_taken,avg_final_hp,avg_remaining_enemies,avg_remaining_enemies_on_losses,avg_chokepoints,avg_reachable_floor_fraction
baseline,baseline,heuristic,medium,baseline,medium_plus,many,open,4,2,30,14,0.4666666666666667,0.30232127224128236,0.6385798671847496,9.6,2.184795947756525,3.433333333333333,0.5666666666666667,0.6666666666666666,1.25,3.466666666666667,0.9649628938858529
baseline,baseline,mcts_medium,medium,baseline,medium_plus,many,open,4,2,30,25,0.8333333333333334,0.6643529481431982,0.9266356575964831,18.033333333333335,6.36910947900533,2.533333333333333,1.4666666666666666,0.16666666666666666,1.0,3.466666666666667,0.9649628938858529
baseline,baseline,mcts_small,medium,baseline,medium_plus,many,open,4,2,30,19,0.6333333333333333,0.45513246433604937,0.7812629779598231,15.766666666666667,4.240151988890125,3.0,1.0,0.6,1.6363636363636365,3.466666666666667,0.9649628938858529
baseline,baseline,random,medium,baseline,medium_plus,many,open,4,2,30,0,0.0,0.0,0.113517091390478,12.9,4.39203825119955,4.0,0.0,2.5,2.5,3.466666666666667,0.9649628938858529
enemy_hp,1,heuristic,medium,baseline,medium_plus,many,open,4,1,30,29,0.9666666666666667,0.8332924860304112,0.9940915620051425,12.1,20.106963967740132,0.9,3.1,0.03333333333333333,1.0,3.466666666666667,0.9649628938858529
enemy_hp,1,mcts_medium,medium,baseline,medium_plus,many,open,4,1,30,28,0.9333333333333333,0.7867618227892791,0.9815233646723066,14.6,4.521061822182927,1.2333333333333334,2.7666666666666666,0.1,1.5,3.466666666666667,0.9649628938858529
enemy_hp,1,mcts_small,medium,baseline,medium_plus,many,open,4,1,30,30,1.0,0.8864829086095221,1.0,15.733333333333333,4.234251868853445,1.5,2.5,0.0,0.0,3.466666666666667,0.9649628938858529
enemy_hp,1,random,medium,baseline,medium_plus,many,open,4,1,30,16,0.5333333333333333,0.3614201328152505,0.6976787277587178,17.733333333333334,6.392356546862997,3.1333333333333333,0.8666666666666667,0.8333333333333334,1.7857142857142858,3.466666666666667,0.9649628938858529
enemy_hp,3,heuristic,medium,baseline,medium_plus,many,open,4,3,30,0,0.0,0.0,0.113517091390478,8.0,1.879716290649558,4.0,0.0,1.9666666666666666,1.9666666666666666,3.466666666666667,0.9649628938858529
enemy_hp,3,mcts_medium,medium,baseline,medium_plus,many,open,4,3,30,7,0.23333333333333334,0.11792239210501232,0.40928672330324267,13.9,8.817974068155715,3.7,0.3,2.1,2.739130434782609,3.466666666666667,0.9649628938858529
enemy_hp,3,mcts_small,medium,baseline,medium_plus,many,open,4,3,30,5,0.16666666666666666,0.07336434240351686,0.33564705185680177,11.566666666666666,4.737674065990141,3.8333333333333335,0.16666666666666666,2.2666666666666666,2.72,3.466666666666667,0.9649628938858529
enemy_hp,3,random,medium,baseline,medium_plus,many,open,4,3,30,0,0.0,0.0,0.113517091390478,12.866666666666667,4.944581770876975,4.0,0.0,2.8333333333333335,2.8333333333333335,3.466666666666667,0.9649628938858529
enemy_profile,heavy,heuristic,medium,baseline,heavy,many,open,4,2,30,4,0.13333333333333333,0.05309569424218104,0.2968168394441695,9.733333333333333,2.365492666561356,3.8,0.2,1.5,1.7307692307692308,4.033333333333333,0.9501237572130925
enemy_profile,heavy,mcts_medium,medium,baseline,heavy,many,open,4,2,30,20,0.6666666666666666,0.48779725813830266,0.807697044731538,16.9,6.1283494243284355,3.0,1.0,0.8666666666666667,2.6,4.033333333333333,0.9501237572130925
enemy_profile,heavy,mcts_small,medium,baseline,heavy,many,open,4,2,30,15,0.5,0.33153851227173764,0.6684614877282624,15.933333333333334,5.904423953462541,3.3,0.7,1.5666666666666667,3.1333333333333333,4.033333333333333,0.9501237572130925
enemy_profile,heavy,random,medium,baseline,heavy,many,open,4,2,30,0,0.0,0.0,0.113517091390478,11.533333333333333,3.3139436057697518,4.0,0.0,3.533333333333333,3.533333333333333,4.033333333333333,0.9501237572130925
enemy_profile,light,heuristic,medium,baseline,light,many,open,4,2,30,30,1.0,0.8864829086095221,1.0,5.733333333333333,1.4360439485692011,1.4,2.6,0.0,0.0,2.8,0.9869192959152358
enemy_profile,light,mcts_medium,medium,baseline,light,many,open,4,2,30,30,1.0,0.8864829086095221,1.0,12.066666666666666,4.057366414587451,1.2,2.8,0.0,0.0,2.8,0.9869192959152358
enemy_profile,light,mcts_small,medium,baseline,light,many,open,4,2,30,30,1.0,0.8864829086095221,1.0,13.933333333333334,4.130644286575912,1.6333333333333333,2.3666666666666667,0.0,0.0,2.8,0.9869192959152358
enemy_profile,light,random,medium,baseline,light,many,open,4,2,30,20,0.6666666666666666,0.48779725813830266,0.807697044731538,18.5,4.998333055462925,2.7333333333333334,1.2666666666666666,0.3333333333333333,1.0,2.8,0.9869192959152358
enemy_profile,normal,heuristic,medium,baseline,normal,many,open,4,2,30,26,0.8666666666666667,0.7031831605558306,0.9469043057578189,8.3,1.5307950004273376,2.6,1.4,0.16666666666666666,1.25,3.4,0.9768896881694593
enemy_profile,normal,mcts_medium,medium,baseline,normal,many,open,4,2,30,30,1.0,0.8864829086095221,1.0,16.1,6.095626847721788,1.8333333333333333,2.1666666666666665,0.0,0.0,3.4,0.9768896881694593
enemy_profile,normal,mcts_small,medium,baseline,normal,many,open,4,2,30,29,0.9666666666666667,0.8332924860304112,0.9940915620051425,15.933333333333334,5.982938705649219,2.3,1.7,0.06666666666666667,2.0,3.4,0.9768896881694593
enemy_profile,normal,random,medium,baseline,normal,many,open,4,2,30,0,0.0,0.0,0.113517091390478,14.933333333333334,3.767698973585278,4.0,0.0,1.7,1.7,3.4,0.9768896881694593
item_profile,few,heuristic,medium,baseline,medium_plus,few,open,4,2,30,8,0.26666666666666666,0.14182495553910618,0.4444830204431169,9.1,2.4269322199023198,3.7333333333333334,0.26666666666666666,0.9666666666666667,1.3181818181818181,3.466666666666667,0.9649628938858529
item_profile,few,mcts_medium,medium,baseline,medium_plus,few,open,4,2,30,16,0.5333333333333333,0.3614201328152505,0.6976787277587178,15.733333333333333,5.898775767526306,3.4,0.6,1.0,2.142857142857143,3.466666666666667,0.9649628938858529
item_profile,few,mcts_small,medium,baseline,medium_plus,few,open,4,2,30,12,0.4,0.24590394326083403,0.5767994750172616,15.4,4.62313025268955,3.433333333333333,0.5666666666666667,1.1,1.8333333333333333,3.466666666666667,0.9649628938858529
item_profile,few,random,medium,baseline,medium_plus,few,open,4,2,30,0,0.0,0.0,0.113517091390478,11.833333333333334,3.3174622161458833,4.0,0.0,2.7,2.7,3.466666666666667,0.9649628938858529
item_profile,normal,heuristic,medium,baseline,medium_plus,normal,open,4,2,30,10,0.3333333333333333,0.19230295526846194,0.5122027418616973,9.233333333333333,2.4177583741051447,3.6333333333333333,0.36666666666666664,0.9,1.35,3.466666666666667,0.9649628938858529
item_profile,normal,mcts_medium,medium,baseline,medium_plus,normal,open,4,2,30,21,0.7,0.5212387898833981,0.8333543735604105,16.5,4.8287334433230695,2.6666666666666665,1.3333333333333333,0.6,2.0,3.466666666666667,0.9649628938858529
item_profile,normal,mcts_small,medium,baseline,medium_plus,normal,open,4,2,30,18,0.6,0.42320052498273836,0.7540960567391659,16.1,5.676559991168361,3.1666666666666665,0.8333333333333334,0.9333333333333333,2.3333333333333335,3.466666666666667,0.9649628938858529
item_profile,normal,random,medium,baseline,medium_plus,normal,open,4,2,30,1,0.03333333333333333,0.0059084379948573795,0.16670751396958874,12.533333333333333,4.387355569006105,3.966666666666667,0.03333333333333333,2.566666666666667,2.6551724137931036,3.466666666666667,0.9649628938858529
map_type,arena,heuristic,medium,arena,medium_plus,many,open,4,2,30,13,0.43333333333333335,0.2737723743061511,0.6080299045459127,11.933333333333334,2.434930982366623,3.433333333333333,0.5666666666666667,0.9,1.588235294117647,1.0666666666666667,0.9672220252865416
map_type,arena,mcts_medium,medium,arena,medium_plus,many,open,4,2,30,26,0.8666666666666667,0.7031831605558306,0.9469043057578189,17.9,2.808914381037628,2.4,1.6,0.3,2.25,1.0666666666666667,0.9672220252865416
map_type,arena,mcts_small,medium,arena,medium_plus,many,open,4,2,30,23,0.7666666666666667,0.5907132766967574,0.8820776078949878,18.966666666666665,4.861298409090129,2.9,1.1,0.4,1.7142857142857142,1.0666666666666667,0.9672220252865416
map_type,arena,random,medium,arena,medium_plus,many,open,4,2,30,0,0.0,0.0,0.113517091390478,13.933333333333334,4.304519588628781,4.0,0.0,2.8,2.8,1.0666666666666667,0.9672220252865416
map_type,random_walk,heuristic,medium,random_walk,medium_plus,many,open,4,2,30,12,0.4,0.24590394326083403,0.5767994750172616,15.933333333333334,4.589359674532191,3.4,0.6,0.9,1.5,15.866666666666667,0.9463198712320746
map_type,random_walk,mcts_medium,medium,random_walk,medium_plus,many,open,4,2,30,20,0.6666666666666666,0.48779725813830266,0.807697044731538,36.5,12.878276282173792,2.7,1.3,0.5666666666666667,1.7,15.866666666666667,0.9463198712320746
map_type,random_walk,mcts_small,medium,random_walk,medium_plus,many,open,4,2,30,19,0.6333333333333333,0.45513246433604937,0.7812629779598231,28.1,10.103959619871805,3.033333333333333,0.9666666666666667,0.7,1.9090909090909092,15.866666666666667,0.9463198712320746
map_type,random_walk,random,medium,random_walk,medium_plus,many,open,4,2,30,0,0.0,0.0,0.113517091390478,23.0,7.637626158259733,4.0,0.0,2.433333333333333,2.433333333333333,15.866666666666667,0.9463198712320746
player_hp,3,heuristic,medium,baseline,medium_plus,many,open,3,2,30,3,0.1,0.034599259959716175,0.2562144131526662,8.1,2.2561028345356955,2.9,0.1,1.5,1.6666666666666667,3.466666666666667,0.9649628938858529
player_hp,3,mcts_medium,medium,baseline,medium_plus,many,open,3,2,30,17,0.5666666666666667,0.3919700954540873,0.7262276256938489,15.3,5.145548237716431,1.9333333333333333,1.0666666666666667,0.7666666666666667,1.7692307692307692,3.466666666666667,0.9649628938858529
player_hp,3,mcts_small,medium,baseline,medium_plus,many,open,3,2,30,14,0.4666666666666667,0.30232127224128236,0.6385798671847496,12.933333333333334,4.625533002320441,2.2333333333333334,0.7666666666666667,1.1333333333333333,2.125,3.466666666666667,0.9649628938858529
player_hp,3,random,medium,baseline,medium_plus,many,open,3,2,30,0,0.0,0.0,0.113517091390478,11.066666666666666,3.37573037364591,3.0,0.0,2.6333333333333333,2.6333333333333333,3.466666666666667,0.9649628938858529
player_hp,5,heuristic,medium,baseline,medium_plus,many,open,5,2,30,25,0.8333333333333334,0.6643529481431982,0.9266356575964831,10.1,2.103172207246314,3.6,1.4,0.3,1.8,3.466666666666667,0.9649628938858529
player_hp,5,mcts_medium,medium,baseline,medium_plus,many,open,5,2,30,30,1.0,0.8864829086095221,1.0,18.1,5.985259671337021,2.6666666666666665,2.3333333333333335,0.0,0.0,3.466666666666667,0.9649628938858529
player_hp,5,mcts_small,medium,baseline,medium_plus,many,open,5,2,30,28,0.9333333333333333,0.7867618227892791,0.9815233646723066,18.633333333333333,3.9956921247207666,3.2666666666666666,1.7333333333333334,0.13333333333333333,2.0,3.466666666666667,0.9649628938858529
player_hp,5,random,medium,baseline,medium_plus,many,open,5,2,30,1,0.03333333333333333,0.0059084379948573795,0.16670751396958874,15.033333333333333,5.369564435056369,4.966666666666667,0.03333333333333333,2.3,2.3793103448275863,3.466666666666667,0.9649628938858529
player_hp,6,heuristic,medium,baseline,medium_plus,many,open,6,2,30,28,0.9333333333333333,0.7867618227892791,0.9815233646723066,10.466666666666667,1.687865186822955,3.6666666666666665,2.3333333333333335,0.1,1.5,3.466666666666667,0.9649628938858529
player_hp,6,mcts_medium,medium,baseline,medium_plus,many,open,6,2,30,30,1.0,0.8864829086095221,1.0,18.633333333333333,5.22483386232413,3.466666666666667,2.533333333333333,0.0,0.0,3.466666666666667,0.9649628938858529
player_hp,6,mcts_small,medium,baseline,medium_plus,many,open,6,2,30,29,0.9666666666666667,0.8332924860304112,0.9940915620051425,19.833333333333332,3.474510357190236,3.966666666666667,2.033333333333333,0.03333333333333333,1.0,3.466666666666667,0.9649628938858529
player_hp,6,random,medium,baseline,medium_plus,many,open,6,2,30,3,0.1,0.034599259959716175,0.2562144131526662,17.0,6.366579406033772,5.866666666666666,0.13333333333333333,2.1,2.3333333333333335,3.466666666666667,0.9649628938858529
size,large,heuristic,large,baseline,medium_plus,many,open,4,2,30,14,0.4666666666666667,0.30232127224128236,0.6385798671847496,11.566666666666666,1.8381754238616315,3.2333333333333334,0.7666666666666667,0.6,1.125,4.033333333333333,0.9782260000336945
size,large,mcts_medium,large,baseline,medium_plus,many,open,4,2,30,22,0.7333333333333333,0.5555169795568831,0.8581750444608938,19.533333333333335,3.964284999284935,2.533333333333333,1.4666666666666666,0.4666666666666667,1.75,4.033333333333333,0.9782260000336945
size,large,mcts_small,large,baseline,medium_plus,many,open,4,2,30,22,0.7333333333333333,0.5555169795568831,0.8581750444608938,19.166666666666668,5.0733508541090355,2.7,1.3,0.5,1.875,4.033333333333333,0.9782260000336945
size,large,random,large,baseline,medium_plus,many,open,4,2,30,0,0.0,0.0,0.113517091390478,16.3,4.838388161361178,4.0,0.0,2.466666666666667,2.466666666666667,4.033333333333333,0.9782260000336945
size,small,heuristic,small,baseline,medium_plus,many,open,4,2,30,30,1.0,0.8864829086095221,1.0,4.466666666666667,0.8055363982396381,1.2333333333333334,2.7666666666666666,0.0,0.0,0.5,0.9682176929911749
size,small,mcts_medium,small,baseline,medium_plus,many,open,4,2,30,30,1.0,0.8864829086095221,1.0,10.766666666666667,3.963864556493098,1.2,2.8,0.0,0.0,0.5,0.9682176929911749
size,small,mcts_small,small,baseline,medium_plus,many,open,4,2,30,29,0.9666666666666667,0.8332924860304112,0.9940915620051425,11.7,3.1000000000000005,1.8666666666666667,2.1333333333333333,0.03333333333333333,1.0,0.5,0.9682176929911749
size,small,random,small,baseline,medium_plus,many,open,4,2,30,20,0.6666666666666666,0.48779725813830266,0.807697044731538,13.8,4.721581655900207,2.6666666666666665,1.3333333333333333,0.3333333333333333,1.0,0.5,0.9682176929911749
wall_profile,normal,heuristic,medium,baseline,medium_plus,many,normal,4,2,30,17,0.5666666666666667,0.3919700954540873,0.7262276256938489,10.866666666666667,1.892675942210452,3.3,0.7,0.4666666666666667,1.0769230769230769,11.033333333333333,0.92584434973402
wall_profile,normal,mcts_medium,medium,baseline,medium_plus,many,normal,4,2,30,21,0.7,0.5212387898833981,0.8333543735604105,18.8,6.64529909033446,2.8666666666666667,1.1333333333333333,0.43333333333333335,1.4444444444444444,11.033333333333333,0.92584434973402
wall_profile,normal,mcts_small,medium,baseline,medium_plus,many,normal,4,2,30,18,0.6,0.42320052498273836,0.7540960567391659,17.1,5.545869333717363,3.1333333333333333,0.8666666666666667,0.7333333333333333,1.8333333333333333,11.033333333333333,0.92584434973402
wall_profile,normal,random,medium,baseline,medium_plus,many,normal,4,2,30,0,0.0,0.0,0.113517091390478,14.966666666666667,6.503759596486396,4.0,0.0,2.3666666666666667,2.3666666666666667,11.033333333333333,0.92584434973402
wall_profile,tight,heuristic,medium,baseline,medium_plus,many,tight,4,2,30,12,0.4,0.24590394326083403,0.5767994750172616,10.333333333333334,2.3851391759997753,3.433333333333333,0.5666666666666667,0.8,1.3333333333333333,13.833333333333334,0.8937373600350753
wall_profile,tight,mcts_medium,medium,baseline,medium_plus,many,tight,4,2,30,19,0.6333333333333333,0.45513246433604937,0.7812629779598231,20.7,5.774368652357878,2.9,1.1,0.5333333333333333,1.4545454545454546,13.833333333333334,0.8937373600350753
wall_profile,tight,mcts_small,medium,baseline,medium_plus,many,tight,4,2,30,19,0.6333333333333333,0.45513246433604937,0.7812629779598231,17.3,5.544667107530743,3.0,1.0,0.7666666666666667,2.090909090909091,13.833333333333334,0.8937373600350753
wall_profile,tight,random,medium,baseline,medium_plus,many,tight,4,2,30,1,0.03333333333333333,0.0059084379948573795,0.16670751396958874,14.233333333333333,6.003795096066783,3.966666666666667,0.03333333333333333,2.433333333333333,2.5172413793103448,13.833333333333334,0.8937373600350753
