size,map_type,enemy_profile,item_profile,wall_profile,enemy_count_setting,items,wall_density,avg_damage_taken_heuristic,avg_damage_taken_mcts_medium,avg_damage_taken_mcts_small,avg_damage_taken_random,avg_turns_heuristic,avg_turns_mcts_medium,avg_turns_mcts_small,avg_turns_random,win_rate_heuristic,win_rate_mcts_medium,win_rate_mcts_small,win_rate_random,win_rate_mcts_strong,skill_gap_mcts_medium_vs_heuristic,skill_gap_mcts_small_vs_heuristic,search_gain_medium_vs_small,balance_score,balance_label
large,baseline,normal,many,normal,default,many,default,3.55,2.75,2.95,4.0,12.25,22.8,21.05,19.0,0.3,0.8,0.75,0.0,,0.5,0.45,0.050000000000000044,1.16,balanced
medium,baseline,heavy,many,open,high,many,low,3.8,2.75,3.35,4.0,9.25,17.55,15.35,11.25,0.1,0.8,0.45,0.0,,0.7000000000000001,0.35,0.35000000000000003,1.1400000000000001,expert-leaning
large,arena,normal,many,normal,default,many,default,3.8,2.6,3.2,4.0,16.5,25.5,20.85,17.55,0.2,0.85,0.5,0.0,,0.6499999999999999,0.3,0.35,1.1300000000000001,expert-leaning
large,arena,normal,many,open,default,many,low,3.55,2.4,3.2,4.0,18.05,23.2,21.4,19.45,0.35,0.9,0.45,0.0,,0.55,0.10000000000000003,0.45,1.125,balanced
large,baseline,normal,many,open,default,many,low,3.05,2.65,2.85,4.0,11.8,19.45,19.5,17.05,0.55,0.8,0.7,0.0,,0.25,0.1499999999999999,0.10000000000000009,1.115,balanced
large,baseline,normal,normal,open,default,normal,low,3.55,2.75,2.65,4.0,11.3,20.9,21.75,16.45,0.35,0.75,0.85,0.0,,0.4,0.5,-0.09999999999999998,1.085,balanced
large,arena,normal,normal,open,default,normal,low,3.8,2.5,3.05,4.0,17.95,22.85,21.95,17.75,0.2,0.75,0.65,0.0,,0.55,0.45,0.09999999999999998,1.07,expert-leaning
medium,arena,heavy,normal,open,high,normal,low,3.95,2.8,3.3,4.0,9.9,17.35,16.8,12.25,0.05,0.75,0.4,0.0,,0.7,0.35000000000000003,0.35,1.055,expert-leaning
large,arena,normal,normal,normal,default,normal,default,3.75,3.05,3.4,4.0,16.55,26.1,19.75,17.1,0.2,0.7,0.45,0.0,,0.49999999999999994,0.25,0.24999999999999994,0.9899999999999999,expert-leaning
large,random_walk,normal,many,open,default,many,low,3.2,2.95,2.4,4.0,21.05,41.8,31.8,28.95,0.5,0.65,0.8,0.0,,0.15000000000000002,0.30000000000000004,-0.15000000000000002,0.94,balanced
large,baseline,normal,normal,normal,default,normal,default,3.7,3.1,3.1,3.9,12.5,21.6,22.8,18.65,0.25,0.65,0.55,0.05,,0.4,0.30000000000000004,0.09999999999999998,0.89,expert-leaning
large,random_walk,normal,normal,normal,default,normal,default,3.5,3.2,3.1,4.0,24.95,59.9,49.25,37.9,0.35,0.6,0.65,0.0,,0.25,0.30000000000000004,-0.050000000000000044,0.845,balanced
large,baseline,normal,few,open,default,few,low,3.5,3.1,3.0,4.0,11.4,19.7,23.55,15.85,0.4,0.55,0.75,0.0,,0.15000000000000002,0.35,-0.19999999999999996,0.77,mixed
large,baseline,normal,few,normal,default,few,default,3.45,3.1,2.9,4.0,12.3,20.75,20.2,18.9,0.3,0.55,0.55,0.0,,0.25000000000000006,0.25000000000000006,0.0,0.76,mixed
medium,arena,heavy,normal,normal,high,normal,default,3.9,3.0,3.05,4.0,10.95,17.9,15.8,12.4,0.1,0.55,0.5,0.0,,0.45000000000000007,0.4,0.050000000000000044,0.74,mixed
medium,arena,heavy,many,normal,high,many,default,3.95,3.1,3.55,4.0,10.55,18.55,15.45,13.1,0.05,0.55,0.35,0.0,,0.5,0.3,0.20000000000000007,0.735,mixed
large,baseline,heavy,normal,open,high,normal,low,3.9,3.15,3.55,4.0,10.95,19.45,15.85,13.55,0.05,0.55,0.25,0.0,,0.5,0.2,0.30000000000000004,0.735,mixed
large,arena,light,normal,normal,low,normal,default,3.0,2.6,3.15,3.95,16.05,23.5,21.55,18.8,0.85,0.8,0.55,0.05,,-0.04999999999999993,-0.29999999999999993,0.25,0.7000000000000001,mixed
large,random_walk,normal,normal,open,default,normal,low,3.55,3.1,3.15,4.0,21.2,40.2,35.75,28.75,0.45,0.5,0.65,0.0,,0.04999999999999999,0.2,-0.15000000000000002,0.695,mixed
large,arena,normal,few,normal,default,few,default,3.8,3.35,3.7,4.0,16.65,21.0,18.65,17.8,0.15,0.5,0.2,0.0,,0.35,0.05000000000000002,0.3,0.6649999999999999,mixed
medium,baseline,heavy,many,normal,high,many,default,3.8,3.25,2.9,4.0,10.1,15.5,16.85,12.9,0.1,0.5,0.65,0.0,,0.4,0.55,-0.15000000000000002,0.6599999999999999,mixed
large,baseline,heavy,many,normal,high,many,default,3.95,3.2,3.55,4.0,10.8,20.55,17.1,12.55,0.05,0.5,0.25,0.0,,0.45,0.2,0.25,0.655,mixed
medium,baseline,normal,many,open,default,many,low,2.55,1.85,2.25,4.0,8.5,16.45,16.5,15.05,0.85,1.0,1.0,0.0,,0.15000000000000002,0.15000000000000002,0.0,0.645,playable but easy
large,random_walk,normal,few,open,default,few,low,3.45,3.1,3.05,4.0,21.15,47.6,34.85,29.1,0.55,0.5,0.65,0.0,,-0.050000000000000044,0.09999999999999998,-0.15000000000000002,0.6349999999999999,mixed
medium,arena,heavy,many,open,high,many,low,3.95,3.05,3.6,3.9,9.75,14.95,15.5,12.85,0.05,0.5,0.3,0.05,,0.45,0.25,0.2,0.63,mixed
medium,baseline,normal,normal,open,default,normal,low,2.65,1.9,2.35,3.95,8.5,15.85,15.0,15.05,0.85,1.0,0.95,0.05,,0.15000000000000002,0.09999999999999998,0.050000000000000044,0.62,playable but easy
large,arena,light,many,normal,low,many,default,2.9,2.4,2.8,3.9,16.3,24.25,23.35,19.8,0.85,0.95,0.85,0.1,,0.09999999999999998,0.0,0.09999999999999998,0.615,playable but easy
large,random_walk,normal,many,normal,default,many,default,3.4,3.25,2.8,4.0,25.0,59.55,51.7,38.5,0.45,0.45,0.75,0.0,,0.0,0.3,-0.3,0.6149999999999999,too hard
medium,baseline,heavy,normal,open,high,normal,low,3.7,3.1,3.2,4.0,8.85,13.5,14.9,10.95,0.15,0.45,0.45,0.0,,0.30000000000000004,0.30000000000000004,0.0,0.585,too hard
medium,baseline,normal,few,open,default,few,low,2.7,2.4,2.55,4.0,8.65,15.6,18.1,15.55,0.9,1.0,0.95,0.0,,0.09999999999999998,0.04999999999999993,0.050000000000000044,0.58,too easy
medium,baseline,heavy,normal,normal,high,normal,default,3.95,3.15,3.3,4.0,9.7,16.0,15.3,12.2,0.05,0.45,0.5,0.0,,0.4,0.45,-0.04999999999999999,0.575,too hard
medium,random_walk,heavy,many,normal,high,many,default,4.0,3.4,3.7,4.0,14.85,34.5,32.4,22.6,0.0,0.45,0.25,0.0,,0.45,0.25,0.2,0.57,too hard
large,arena,light,many,open,low,many,low,2.9,2.05,2.5,4.0,16.9,20.6,22.8,21.45,0.95,0.9,0.85,0.0,,-0.04999999999999993,-0.09999999999999998,0.050000000000000044,0.5550000000000002,mixed
large,baseline,light,many,open,low,many,low,2.35,1.9,2.2,3.9,10.35,20.45,19.9,18.1,0.9,1.0,1.0,0.05,,0.09999999999999998,0.09999999999999998,0.0,0.5549999999999999,too easy
medium,baseline,normal,normal,normal,default,normal,default,2.65,1.9,2.25,3.95,9.05,17.0,19.85,16.95,0.9,1.0,0.95,0.05,,0.09999999999999998,0.04999999999999993,0.050000000000000044,0.5549999999999999,too easy
large,arena,light,few,open,low,few,low,2.95,2.7,3.1,3.95,17.25,26.85,21.1,19.9,0.95,0.9,0.55,0.05,,-0.04999999999999993,-0.3999999999999999,0.35,0.5300000000000001,mixed
medium,baseline,normal,few,normal,default,few,default,2.7,2.55,2.35,3.85,9.0,18.15,20.65,16.8,0.9,1.0,1.0,0.1,,0.09999999999999998,0.09999999999999998,0.0,0.5299999999999999,too easy
large,random_walk,light,few,open,low,few,low,2.2,2.15,2.5,4.0,16.65,40.3,36.25,32.4,0.95,1.0,0.9,0.0,,0.050000000000000044,-0.04999999999999993,0.09999999999999998,0.5150000000000001,too easy
medium,random_walk,heavy,many,open,high,many,low,3.9,3.4,3.5,4.0,18.4,29.45,29.05,20.15,0.1,0.4,0.4,0.0,,0.30000000000000004,0.30000000000000004,0.0,0.5,too hard
large,baseline,light,normal,open,low,normal,low,2.25,2.05,2.1,3.85,10.55,21.6,19.9,19.75,0.95,1.0,1.0,0.05,,0.050000000000000044,0.050000000000000044,0.0,0.4900000000000001,too easy
large,baseline,light,normal,normal,low,normal,default,2.7,2.2,2.35,3.9,11.25,22.05,20.85,19.55,0.95,1.0,1.0,0.05,,0.050000000000000044,0.050000000000000044,0.0,0.4900000000000001,too easy
large,baseline,light,few,normal,low,few,default,2.7,1.95,2.2,3.9,11.3,20.95,21.4,20.45,0.95,1.0,1.0,0.05,,0.050000000000000044,0.050000000000000044,0.0,0.4900000000000001,too easy
medium,arena,normal,many,open,default,many,low,2.7,2.05,2.25,3.95,10.8,18.05,19.4,17.4,0.95,1.0,1.0,0.05,,0.050000000000000044,0.050000000000000044,0.0,0.4900000000000001,too easy
large,arena,light,normal,open,low,normal,low,2.9,2.4,2.8,4.0,17.2,23.75,22.55,20.05,1.0,0.9,0.8,0.0,,-0.09999999999999998,-0.19999999999999996,0.09999999999999998,0.49000000000000005,mixed
large,random_walk,heavy,many,open,high,many,low,4.0,3.25,3.65,4.0,17.85,38.3,30.55,24.5,0.0,0.4,0.25,0.0,,0.4,0.25,0.15000000000000002,0.49,too hard
medium,random_walk,normal,few,open,default,few,low,2.7,2.65,2.2,3.85,15.55,39.9,28.55,29.2,0.95,0.95,1.0,0.1,,0.0,0.050000000000000044,-0.050000000000000044,0.48500000000000015,too easy
large,arena,normal,few,open,default,few,low,3.8,3.4,3.65,3.95,18.3,20.15,18.9,18.65,0.15,0.4,0.25,0.05,,0.25,0.1,0.15000000000000002,0.48,too hard
large,baseline,light,few,open,low,few,low,2.5,1.95,2.6,3.8,10.65,24.1,19.7,17.85,0.95,1.0,1.0,0.1,,0.050000000000000044,0.050000000000000044,0.0,0.46500000000000014,too easy
medium,baseline,normal,many,normal,default,many,default,2.45,2.15,2.0,3.8,8.95,18.0,16.85,17.75,0.95,1.0,1.0,0.1,,0.050000000000000044,0.050000000000000044,0.0,0.46500000000000014,too easy
large,baseline,light,many,normal,low,many,default,2.45,2.0,2.2,3.8,11.1,20.75,20.9,20.55,0.95,1.0,1.0,0.1,,0.050000000000000044,0.050000000000000044,0.0,0.46500000000000014,too easy
medium,random_walk,normal,normal,open,default,normal,low,2.3,2.3,2.3,3.7,15.45,36.7,29.25,27.85,0.95,0.95,1.0,0.15,,0.0,0.050000000000000044,-0.050000000000000044,0.46000000000000013,too easy
medium,arena,normal,normal,open,default,normal,low,2.75,2.15,2.45,3.85,10.65,19.6,18.15,17.15,0.95,0.95,1.0,0.15,,0.0,0.050000000000000044,-0.050000000000000044,0.46000000000000013,too easy
medium,arena,normal,few,open,default,few,low,2.85,2.35,2.35,3.85,10.7,17.85,19.7,16.9,0.95,0.95,1.0,0.15,,0.0,0.050000000000000044,-0.050000000000000044,0.46000000000000013,too easy
large,random_walk,light,normal,open,low,normal,low,2.4,2.1,2.2,4.0,17.3,43.4,33.05,32.65,1.0,1.0,1.0,0.0,,0.0,0.0,0.0,0.45000000000000007,too easy
medium,arena,normal,few,normal,default,few,default,2.6,2.45,2.2,4.0,11.25,17.85,22.15,16.65,1.0,1.0,1.0,0.0,,0.0,0.0,0.0,0.45000000000000007,too easy
medium,arena,normal,normal,normal,default,normal,default,2.35,1.9,2.15,3.8,10.95,20.2,17.6,15.9,1.0,0.95,1.0,0.05,,-0.050000000000000044,0.0,-0.050000000000000044,0.44500000000000006,too easy
large,random_walk,light,normal,normal,low,normal,default,2.5,2.5,2.3,3.85,20.5,52.9,41.0,41.25,1.0,0.9,0.95,0.1,,-0.09999999999999998,-0.050000000000000044,-0.04999999999999993,0.44000000000000006,mixed
medium,random_walk,normal,many,normal,default,many,default,2.55,2.3,2.2,3.8,14.85,35.3,29.85,29.95,0.95,0.95,1.0,0.2,,0.0,0.050000000000000044,-0.050000000000000044,0.43500000000000016,too easy
large,random_walk,light,many,open,low,many,low,1.85,2.35,1.85,3.85,16.9,40.65,31.25,32.35,1.0,0.95,0.9,0.1,,-0.050000000000000044,-0.09999999999999998,0.04999999999999993,0.4200000000000001,too easy
medium,random_walk,heavy,normal,open,high,normal,low,3.9,3.5,3.85,4.0,18.0,30.15,25.35,19.95,0.1,0.35,0.15,0.0,,0.24999999999999997,0.04999999999999999,0.19999999999999998,0.41999999999999993,too hard
medium,random_walk,normal,normal,normal,default,normal,default,2.6,2.35,2.45,3.75,14.95,35.35,30.4,29.9,0.95,1.0,1.0,0.2,,0.050000000000000044,0.050000000000000044,0.0,0.41500000000000015,too easy
medium,random_walk,normal,many,open,default,many,low,2.5,2.15,2.2,3.7,15.45,39.1,30.8,28.6,0.95,1.0,1.0,0.2,,0.050000000000000044,0.050000000000000044,0.0,0.41500000000000015,too easy
large,random_walk,light,few,normal,low,few,default,2.55,2.5,2.25,3.75,20.7,51.5,41.6,39.55,1.0,0.9,1.0,0.15,,-0.09999999999999998,0.0,-0.09999999999999998,0.41500000000000004,mixed
large,baseline,heavy,many,open,high,many,low,3.9,3.4,3.6,4.0,10.75,19.4,17.9,13.9,0.05,0.35,0.3,0.0,,0.3,0.25,0.04999999999999999,0.4149999999999999,too hard
medium,random_walk,heavy,normal,normal,high,normal,default,4.0,3.55,3.6,4.0,14.35,31.65,33.15,22.15,0.0,0.35,0.3,0.0,,0.35,0.3,0.04999999999999999,0.4099999999999999,too hard
large,random_walk,light,many,normal,low,many,default,1.95,2.25,1.9,3.9,20.25,45.45,38.95,40.15,1.0,1.0,1.0,0.1,,0.0,0.0,0.0,0.4000000000000001,too easy
medium,arena,normal,many,normal,default,many,default,2.55,2.0,2.4,3.85,11.15,19.65,17.25,17.45,1.0,1.0,1.0,0.15,,0.0,0.0,0.0,0.37500000000000006,too easy
large,arena,heavy,many,open,high,many,low,3.95,3.6,3.4,4.0,13.45,18.35,19.05,16.2,0.05,0.3,0.45,0.0,,0.25,0.4,-0.15000000000000002,0.33499999999999996,too hard
large,arena,heavy,many,normal,high,many,default,3.9,3.45,3.9,4.0,13.4,19.05,16.65,14.1,0.05,0.3,0.1,0.0,,0.25,0.05,0.19999999999999998,0.33499999999999996,too hard
large,baseline,heavy,normal,normal,high,normal,default,3.95,3.45,3.85,4.0,11.2,18.05,18.25,13.2,0.05,0.3,0.15,0.0,,0.25,0.09999999999999999,0.15,0.33499999999999996,too hard
large,arena,heavy,normal,open,high,normal,low,3.95,3.55,3.95,4.0,13.7,17.8,13.65,14.9,0.05,0.3,0.05,0.0,,0.25,0.0,0.25,0.33499999999999996,too hard
medium,arena,heavy,few,open,high,few,low,4.0,3.65,3.95,4.0,8.95,14.65,15.2,12.3,0.0,0.3,0.05,0.0,,0.3,0.05,0.25,0.33,too hard
medium,random_walk,normal,few,normal,default,few,default,2.4,2.6,2.2,3.65,14.85,37.9,30.85,30.1,1.0,1.0,1.0,0.3,,0.0,0.0,0.0,0.30000000000000004,too easy
large,random_walk,normal,few,normal,default,few,default,3.65,3.75,3.15,4.0,24.9,53.75,50.85,37.0,0.25,0.25,0.6,0.0,,0.0,0.35,-0.35,0.27499999999999997,too hard
medium,baseline,heavy,few,open,high,few,low,3.95,3.7,3.65,4.0,8.35,11.9,12.7,11.4,0.05,0.25,0.25,0.0,,0.2,0.2,0.0,0.25499999999999995,too hard
medium,baseline,heavy,few,normal,high,few,default,4.0,3.6,3.85,4.0,9.25,13.15,12.35,12.25,0.0,0.25,0.1,0.0,,0.25,0.1,0.15,0.24999999999999997,too hard
medium,random_walk,heavy,few,normal,high,few,default,4.0,3.65,3.75,4.0,14.3,28.65,29.25,20.95,0.0,0.25,0.15,0.0,,0.25,0.15,0.1,0.24999999999999997,too hard
medium,baseline,light,few,normal,low,few,default,1.4,1.25,1.9,3.05,6.1,12.25,13.7,17.05,1.0,1.0,1.0,0.45,,0.0,0.0,0.0,0.22500000000000006,too easy
medium,baseline,light,normal,normal,low,normal,default,1.25,1.25,1.7,3.15,6.05,12.9,14.8,18.65,1.0,1.0,1.0,0.45,,0.0,0.0,0.0,0.22500000000000006,too easy
medium,baseline,light,few,open,low,few,low,1.4,1.25,1.75,3.05,5.8,13.05,15.4,18.85,1.0,1.0,1.0,0.5,,0.0,0.0,0.0,0.20000000000000007,too easy
large,arena,light,few,normal,low,few,default,2.95,3.35,3.15,4.0,16.35,25.65,22.4,18.0,0.9,0.5,0.6,0.0,,-0.4,-0.30000000000000004,-0.09999999999999998,0.18,mixed
medium,random_walk,heavy,few,open,high,few,low,3.9,3.75,3.75,4.0,18.1,25.9,25.5,20.05,0.1,0.2,0.15,0.0,,0.1,0.04999999999999999,0.05000000000000002,0.17999999999999994,too hard
small,baseline,heavy,many,open,default,many,low,1.25,1.25,2.0,2.95,4.45,10.95,12.55,14.4,1.0,1.0,0.95,0.55,,0.0,-0.050000000000000044,0.050000000000000044,0.17500000000000004,too easy
small,random_walk,normal,many,normal,default,many,default,1.3,1.35,1.6,3.1,6.8,12.9,12.05,15.0,1.0,1.0,1.0,0.55,,0.0,0.0,0.0,0.17500000000000004,too easy
small,random_walk,light,many,normal,low,many,default,1.3,1.35,1.6,3.1,6.8,12.9,12.05,15.0,1.0,1.0,1.0,0.55,,0.0,0.0,0.0,0.17500000000000004,too easy
small,random_walk,heavy,few,normal,default,few,default,1.3,1.35,1.6,3.1,6.8,12.9,12.05,15.0,1.0,1.0,1.0,0.55,,0.0,0.0,0.0,0.17500000000000004,too easy
small,random_walk,normal,normal,normal,default,normal,default,1.3,1.35,1.6,3.1,6.8,12.9,12.05,15.0,1.0,1.0,1.0,0.55,,0.0,0.0,0.0,0.17500000000000004,too easy
small,baseline,light,many,open,low,many,low,1.25,1.25,2.0,2.95,4.45,10.95,12.55,14.4,1.0,1.0,0.95,0.55,,0.0,-0.050000000000000044,0.050000000000000044,0.17500000000000004,too easy
small,random_walk,normal,few,normal,default,few,default,1.3,1.35,1.6,3.1,6.8,12.9,12.05,15.0,1.0,1.0,1.0,0.55,,0.0,0.0,0.0,0.17500000000000004,too easy
medium,baseline,light,many,normal,low,many,default,1.3,1.35,1.55,2.85,6.05,13.4,13.5,17.95,1.0,1.0,1.0,0.55,,0.0,0.0,0.0,0.17500000000000004,too easy
medium,baseline,light,normal,open,low,normal,low,1.3,1.2,1.85,2.8,5.85,13.25,13.65,17.0,1.0,1.0,1.0,0.55,,0.0,0.0,0.0,0.17500000000000004,too easy
small,random_walk,light,few,normal,low,few,default,1.3,1.35,1.6,3.1,6.8,12.9,12.05,15.0,1.0,1.0,1.0,0.55,,0.0,0.0,0.0,0.17500000000000004,too easy
small,random_walk,heavy,normal,normal,default,normal,default,1.3,1.35,1.6,3.1,6.8,12.9,12.05,15.0,1.0,1.0,1.0,0.55,,0.0,0.0,0.0,0.17500000000000004,too easy
small,random_walk,light,normal,normal,low,normal,default,1.3,1.35,1.6,3.1,6.8,12.9,12.05,15.0,1.0,1.0,1.0,0.55,,0.0,0.0,0.0,0.17500000000000004,too easy
small,baseline,normal,many,open,default,many,low,1.25,1.25,2.0,2.95,4.45,10.95,12.55,14.4,1.0,1.0,0.95,0.55,,0.0,-0.050000000000000044,0.050000000000000044,0.17500000000000004,too easy
small,random_walk,heavy,many,normal,default,many,default,1.3,1.35,1.6,3.1,6.8,12.9,12.05,15.0,1.0,1.0,1.0,0.55,,0.0,0.0,0.0,0.17500000000000004,too easy
medium,random_walk,light,few,open,low,few,low,1.45,1.6,1.55,2.7,10.7,21.5,21.45,25.8,1.0,1.0,1.0,0.55,,0.0,0.0,0.0,0.17500000000000004,too easy
medium,arena,heavy,few,normal,high,few,default,4.0,3.8,3.85,4.0,10.4,15.85,13.05,13.0,0.0,0.2,0.1,0.0,,0.2,0.1,0.1,0.16999999999999993,too hard
small,random_walk,normal,many,open,default,many,low,1.25,1.2,1.55,2.6,13.7,14.15,15.7,18.05,0.95,1.0,1.0,0.7,,0.050000000000000044,0.050000000000000044,0.0,0.16500000000000015,too easy
small,random_walk,heavy,many,open,default,many,low,1.25,1.2,1.55,2.6,13.7,14.15,15.7,18.05,0.95,1.0,1.0,0.7,,0.050000000000000044,0.050000000000000044,0.0,0.16500000000000015,too easy
small,random_walk,light,many,open,low,many,low,1.25,1.2,1.55,2.6,13.7,14.15,15.7,18.05,0.95,1.0,1.0,0.7,,0.050000000000000044,0.050000000000000044,0.0,0.16500000000000015,too easy
medium,arena,light,few,normal,low,few,default,1.6,1.4,1.5,2.95,6.8,12.55,16.9,18.2,1.0,1.0,1.0,0.6,,0.0,0.0,0.0,0.15000000000000008,too easy
small,baseline,heavy,normal,open,default,normal,low,1.3,1.4,1.7,2.95,4.4,9.8,10.5,16.35,1.0,1.0,1.0,0.6,,0.0,0.0,0.0,0.15000000000000008,too easy
small,baseline,light,normal,open,low,normal,low,1.3,1.4,1.7,2.95,4.4,9.8,10.5,16.35,1.0,1.0,1.0,0.6,,0.0,0.0,0.0,0.15000000000000008,too easy
small,baseline,normal,normal,open,default,normal,low,1.3,1.4,1.7,2.95,4.4,9.8,10.5,16.35,1.0,1.0,1.0,0.6,,0.0,0.0,0.0,0.15000000000000008,too easy
medium,random_walk,light,few,normal,low,few,default,1.45,1.3,1.55,2.75,11.2,23.5,20.6,25.45,1.0,1.0,1.0,0.6,,0.0,0.0,0.0,0.15000000000000008,too easy
medium,random_walk,light,many,normal,low,many,default,1.5,1.35,1.6,2.65,11.3,23.65,21.3,25.0,1.0,1.0,1.0,0.6,,0.0,0.0,0.0,0.15000000000000008,too easy
small,arena,normal,few,normal,default,few,default,1.65,1.45,1.65,2.95,4.85,9.65,10.15,13.65,1.0,1.0,1.0,0.65,,0.0,0.0,0.0,0.12500000000000006,too easy
small,arena,normal,few,open,default,few,low,1.65,1.45,1.65,2.95,4.85,9.65,10.15,13.65,1.0,1.0,1.0,0.65,,0.0,0.0,0.0,0.12500000000000006,too easy
medium,random_walk,light,normal,normal,low,normal,default,1.5,1.45,1.65,2.65,11.25,23.4,21.3,25.6,1.0,1.0,1.0,0.65,,0.0,0.0,0.0,0.12500000000000006,too easy
small,arena,heavy,few,normal,default,few,default,1.65,1.45,1.65,2.95,4.85,9.65,10.15,13.65,1.0,1.0,1.0,0.65,,0.0,0.0,0.0,0.12500000000000006,too easy
medium,arena,light,many,normal,low,many,default,1.4,1.15,1.8,2.6,6.8,13.75,15.25,17.85,1.0,1.0,1.0,0.65,,0.0,0.0,0.0,0.12500000000000006,too easy
small,arena,heavy,few,open,default,few,low,1.65,1.45,1.65,2.95,4.85,9.65,10.15,13.65,1.0,1.0,1.0,0.65,,0.0,0.0,0.0,0.12500000000000006,too easy
small,arena,light,few,normal,low,few,default,1.65,1.45,1.65,2.95,4.85,9.65,10.15,13.65,1.0,1.0,1.0,0.65,,0.0,0.0,0.0,0.12500000000000006,too easy
small,arena,light,few,open,low,few,low,1.65,1.45,1.65,2.95,4.85,9.65,10.15,13.65,1.0,1.0,1.0,0.65,,0.0,0.0,0.0,0.12500000000000006,too easy
medium,arena,light,normal,normal,low,normal,default,1.4,1.15,1.7,2.85,6.75,14.75,15.85,17.9,1.0,1.0,1.0,0.65,,0.0,0.0,0.0,0.12500000000000006,too easy
small,arena,normal,normal,normal,default,normal,default,1.65,0.95,1.65,2.8,4.85,10.6,11.6,13.55,1.0,1.0,1.0,0.7,,0.0,0.0,0.0,0.10000000000000009,too easy
small,baseline,heavy,many,normal,default,many,default,1.3,1.25,1.55,2.8,4.6,10.75,9.8,13.45,1.0,1.0,1.0,0.7,,0.0,0.0,0.0,0.10000000000000009,too easy
small,arena,normal,normal,open,default,normal,low,1.65,0.95,1.65,2.8,4.85,10.6,11.6,13.55,1.0,1.0,1.0,0.7,,0.0,0.0,0.0,0.10000000000000009,too easy
medium,arena,light,few,open,low,few,low,1.65,1.0,1.7,2.8,6.85,15.9,16.0,20.4,1.0,1.0,1.0,0.7,,0.0,0.0,0.0,0.10000000000000009,too easy
medium,random_walk,light,normal,open,low,normal,low,1.2,1.25,1.7,2.4,10.55,22.95,19.7,26.95,1.0,1.0,1.0,0.7,,0.0,0.0,0.0,0.10000000000000009,too easy
small,arena,heavy,normal,normal,default,normal,default,1.65,0.95,1.65,2.8,4.85,10.6,11.6,13.55,1.0,1.0,1.0,0.7,,0.0,0.0,0.0,0.10000000000000009,too easy
medium,baseline,light,many,open,low,many,low,1.45,1.4,1.6,2.65,5.8,12.25,13.9,17.6,1.0,1.0,1.0,0.7,,0.0,0.0,0.0,0.10000000000000009,too easy
small,baseline,normal,many,normal,default,many,default,1.3,1.25,1.55,2.8,4.6,10.75,9.8,13.45,1.0,1.0,1.0,0.7,,0.0,0.0,0.0,0.10000000000000009,too easy
medium,arena,light,normal,open,low,normal,low,1.45,1.15,1.6,2.7,6.7,16.3,16.1,20.5,1.0,1.0,1.0,0.7,,0.0,0.0,0.0,0.10000000000000009,too easy
small,arena,heavy,normal,open,default,normal,low,1.65,0.95,1.65,2.8,4.85,10.6,11.6,13.55,1.0,1.0,1.0,0.7,,0.0,0.0,0.0,0.10000000000000009,too easy
small,baseline,light,many,normal,low,many,default,1.3,1.25,1.55,2.8,4.6,10.75,9.8,13.45,1.0,1.0,1.0,0.7,,0.0,0.0,0.0,0.10000000000000009,too easy
small,arena,light,normal,normal,low,normal,default,1.65,0.95,1.65,2.8,4.85,10.6,11.6,13.55,1.0,1.0,1.0,0.7,,0.0,0.0,0.0,0.10000000000000009,too easy
small,arena,light,normal,open,low,normal,low,1.65,0.95,1.65,2.8,4.85,10.6,11.6,13.55,1.0,1.0,1.0,0.7,,0.0,0.0,0.0,0.10000000000000009,too easy
large,random_walk,heavy,many,normal,high,many,default,3.95,3.85,3.9,4.0,23.3,40.35,46.25,32.1,0.05,0.15,0.05,0.0,,0.09999999999999999,0.0,0.09999999999999999,0.09499999999999997,too hard
small,random_walk,heavy,normal,open,default,normal,low,1.45,1.35,1.3,2.25,13.9,15.05,15.35,18.1,0.95,1.0,1.0,0.85,,0.050000000000000044,0.050000000000000044,0.0,0.09000000000000014,too easy
small,random_walk,light,normal,open,low,normal,low,1.45,1.35,1.3,2.25,13.9,15.05,15.35,18.1,0.95,1.0,1.0,0.85,,0.050000000000000044,0.050000000000000044,0.0,0.09000000000000014,too easy
small,random_walk,heavy,few,open,default,few,low,1.45,1.35,1.3,2.25,13.9,15.05,15.35,18.1,0.95,1.0,1.0,0.85,,0.050000000000000044,0.050000000000000044,0.0,0.09000000000000014,too easy
small,random_walk,normal,few,open,default,few,low,1.45,1.35,1.3,2.25,13.9,15.05,15.35,18.1,0.95,1.0,1.0,0.85,,0.050000000000000044,0.050000000000000044,0.0,0.09000000000000014,too easy
small,random_walk,normal,normal,open,default,normal,low,1.45,1.35,1.3,2.25,13.9,15.05,15.35,18.1,0.95,1.0,1.0,0.85,,0.050000000000000044,0.050000000000000044,0.0,0.09000000000000014,too easy
small,random_walk,light,few,open,low,few,low,1.45,1.35,1.3,2.25,13.9,15.05,15.35,18.1,0.95,1.0,1.0,0.85,,0.050000000000000044,0.050000000000000044,0.0,0.09000000000000014,too easy
large,random_walk,heavy,normal,open,high,normal,low,4.0,3.85,3.75,4.0,18.8,28.35,29.7,23.85,0.0,0.15,0.2,0.0,,0.15,0.2,-0.05000000000000002,0.09,too hard
small,baseline,normal,normal,normal,default,normal,default,1.45,1.25,1.65,2.75,4.55,9.15,9.9,13.2,1.0,1.0,1.0,0.75,,0.0,0.0,0.0,0.07500000000000007,too easy
small,baseline,light,normal,normal,low,normal,default,1.45,1.25,1.65,2.75,4.55,9.15,9.9,13.2,1.0,1.0,1.0,0.75,,0.0,0.0,0.0,0.07500000000000007,too easy
small,arena,heavy,many,normal,default,many,default,1.5,1.15,1.65,2.7,4.8,10.0,12.7,14.0,1.0,1.0,0.95,0.75,,0.0,-0.050000000000000044,0.050000000000000044,0.07500000000000007,too easy
small,arena,normal,many,open,default,many,low,1.5,1.15,1.65,2.7,4.8,10.0,12.7,14.0,1.0,1.0,0.95,0.75,,0.0,-0.050000000000000044,0.050000000000000044,0.07500000000000007,too easy
small,arena,normal,many,normal,default,many,default,1.5,1.15,1.65,2.7,4.8,10.0,12.7,14.0,1.0,1.0,0.95,0.75,,0.0,-0.050000000000000044,0.050000000000000044,0.07500000000000007,too easy
small,baseline,heavy,few,normal,default,few,default,1.45,1.25,1.5,2.8,4.55,8.85,10.2,12.85,1.0,1.0,1.0,0.75,,0.0,0.0,0.0,0.07500000000000007,too easy
small,baseline,heavy,normal,normal,default,normal,default,1.45,1.25,1.65,2.75,4.55,9.15,9.9,13.2,1.0,1.0,1.0,0.75,,0.0,0.0,0.0,0.07500000000000007,too easy
small,arena,light,many,open,low,many,low,1.5,1.15,1.65,2.7,4.8,10.0,12.7,14.0,1.0,1.0,0.95,0.75,,0.0,-0.050000000000000044,0.050000000000000044,0.07500000000000007,too easy
small,arena,light,many,normal,low,many,default,1.5,1.15,1.65,2.7,4.8,10.0,12.7,14.0,1.0,1.0,0.95,0.75,,0.0,-0.050000000000000044,0.050000000000000044,0.07500000000000007,too easy
small,baseline,light,few,normal,low,few,default,1.45,1.25,1.5,2.8,4.55,8.85,10.2,12.85,1.0,1.0,1.0,0.75,,0.0,0.0,0.0,0.07500000000000007,too easy
small,arena,heavy,many,open,default,many,low,1.5,1.15,1.65,2.7,4.8,10.0,12.7,14.0,1.0,1.0,0.95,0.75,,0.0,-0.050000000000000044,0.050000000000000044,0.07500000000000007,too easy
small,baseline,normal,few,normal,default,few,default,1.45,1.25,1.5,2.8,4.55,8.85,10.2,12.85,1.0,1.0,1.0,0.75,,0.0,0.0,0.0,0.07500000000000007,too easy
medium,random_walk,light,many,open,low,many,low,1.05,1.4,1.35,2.4,10.35,22.4,21.05,25.75,1.0,1.0,1.0,0.75,,0.0,0.0,0.0,0.07500000000000007,too easy
small,baseline,normal,few,open,default,few,low,1.3,1.1,1.6,2.6,4.4,10.75,11.75,14.8,1.0,1.0,1.0,0.8,,0.0,0.0,0.0,0.050000000000000044,too easy
medium,arena,light,many,open,low,many,low,1.55,1.15,1.75,2.45,6.9,14.45,16.45,21.25,1.0,1.0,1.0,0.8,,0.0,0.0,0.0,0.050000000000000044,too easy
small,baseline,light,few,open,low,few,low,1.3,1.1,1.6,2.6,4.4,10.75,11.75,14.8,1.0,1.0,1.0,0.8,,0.0,0.0,0.0,0.050000000000000044,too easy
small,baseline,heavy,few,open,default,few,low,1.3,1.1,1.6,2.6,4.4,10.75,11.75,14.8,1.0,1.0,1.0,0.8,,0.0,0.0,0.0,0.050000000000000044,too easy
large,arena,heavy,few,open,high,few,low,3.95,3.85,3.85,4.0,13.5,14.85,14.1,15.15,0.05,0.1,0.1,0.0,,0.05,0.05,0.0,0.01499999999999993,too hard
large,random_walk,heavy,few,open,high,few,low,4.0,3.9,3.95,4.0,18.15,29.4,29.9,23.4,0.0,0.1,0.05,0.0,,0.1,0.05,0.05,0.009999999999999953,too hard
large,baseline,heavy,few,normal,high,few,default,4.0,3.85,3.85,4.0,10.0,14.25,16.3,12.3,0.0,0.1,0.05,0.0,,0.1,0.05,0.05,0.009999999999999953,too hard
large,baseline,heavy,few,open,high,few,low,3.9,3.9,4.0,4.0,10.65,13.65,13.95,12.6,0.05,0.05,0.0,0.0,,0.0,-0.05,0.05,-0.065,too hard
large,arena,heavy,few,normal,high,few,default,4.0,3.9,4.0,4.0,11.25,15.25,13.6,13.35,0.0,0.05,0.0,0.0,,0.05,0.0,0.05,-0.06999999999999998,too hard
large,arena,heavy,normal,normal,high,normal,default,4.0,3.95,4.0,4.0,12.05,17.05,14.45,14.5,0.0,0.05,0.0,0.0,,0.05,0.0,0.05,-0.06999999999999998,too hard
large,random_walk,heavy,normal,normal,high,normal,default,3.95,4.0,3.75,4.0,21.95,34.35,51.55,32.7,0.05,0.0,0.15,0.0,,-0.05,0.09999999999999999,-0.15,-0.14500000000000005,too hard
large,random_walk,heavy,few,normal,high,few,default,4.0,4.0,3.85,4.0,22.05,32.5,47.2,33.4,0.0,0.0,0.05,0.0,,0.0,0.05,-0.05,-0.15000000000000002,too hard
